Date_reported,Country_code,Country,WHO_region,New_cases,Cumulative_cases,New_deaths,Cumulative_deaths
date,string,string,string,numeric,numeric,numeric,numeric
1/3/2020,AF,Afghanistan,EMRO,0,0,0,0
1/4/2020,AF,Afghanistan,EMRO,0,0,0,0
1/5/2020,AF,Afghanistan,EMRO,0,0,0,0
1/6/2020,AF,Afghanistan,EMRO,0,0,0,0
1/7/2020,AF,Afghanistan,EMRO,0,0,0,0
1/8/2020,AF,Afghanistan,EMRO,0,0,0,0
1/9/2020,AF,Afghanistan,EMRO,0,0,0,0
1/10/2020,AF,Afghanistan,EMRO,0,0,0,0
1/11/2020,AF,Afghanistan,EMRO,0,0,0,0
1/12/2020,AF,Afghanistan,EMRO,0,0,0,0
1/13/2020,AF,Afghanistan,EMRO,0,0,0,0
1/14/2020,AF,Afghanistan,EMRO,0,0,0,0
1/15/2020,AF,Afghanistan,EMRO,0,0,0,0
1/16/2020,AF,Afghanistan,EMRO,0,0,0,0
1/17/2020,AF,Afghanistan,EMRO,0,0,0,0
1/18/2020,AF,Afghanistan,EMRO,0,0,0,0
1/19/2020,AF,Afghanistan,EMRO,0,0,0,0
1/20/2020,AF,Afghanistan,EMRO,0,0,0,0
1/21/2020,AF,Afghanistan,EMRO,0,0,0,0
1/22/2020,AF,Afghanistan,EMRO,0,0,0,0
1/23/2020,AF,Afghanistan,EMRO,0,0,0,0
1/24/2020,AF,Afghanistan,EMRO,0,0,0,0
1/25/2020,AF,Afghanistan,EMRO,0,0,0,0
1/26/2020,AF,Afghanistan,EMRO,0,0,0,0
1/27/2020,AF,Afghanistan,EMRO,0,0,0,0
1/28/2020,AF,Afghanistan,EMRO,0,0,0,0
1/29/2020,AF,Afghanistan,EMRO,0,0,0,0
1/30/2020,AF,Afghanistan,EMRO,0,0,0,0
1/31/2020,AF,Afghanistan,EMRO,0,0,0,0
2/1/2020,AF,Afghanistan,EMRO,0,0,0,0
2/2/2020,AF,Afghanistan,EMRO,0,0,0,0
2/3/2020,AF,Afghanistan,EMRO,0,0,0,0
2/4/2020,AF,Afghanistan,EMRO,0,0,0,0
2/5/2020,AF,Afghanistan,EMRO,0,0,0,0
2/6/2020,AF,Afghanistan,EMRO,0,0,0,0
2/7/2020,AF,Afghanistan,EMRO,0,0,0,0
2/8/2020,AF,Afghanistan,EMRO,0,0,0,0
2/9/2020,AF,Afghanistan,EMRO,0,0,0,0
2/10/2020,AF,Afghanistan,EMRO,0,0,0,0
2/11/2020,AF,Afghanistan,EMRO,0,0,0,0
2/12/2020,AF,Afghanistan,EMRO,0,0,0,0
2/13/2020,AF,Afghanistan,EMRO,0,0,0,0
2/14/2020,AF,Afghanistan,EMRO,0,0,0,0
2/15/2020,AF,Afghanistan,EMRO,0,0,0,0
2/16/2020,AF,Afghanistan,EMRO,0,0,0,0
2/17/2020,AF,Afghanistan,EMRO,0,0,0,0
2/18/2020,AF,Afghanistan,EMRO,0,0,0,0
2/19/2020,AF,Afghanistan,EMRO,0,0,0,0
2/20/2020,AF,Afghanistan,EMRO,0,0,0,0
2/21/2020,AF,Afghanistan,EMRO,0,0,0,0
2/22/2020,AF,Afghanistan,EMRO,0,0,0,0
2/23/2020,AF,Afghanistan,EMRO,0,0,0,0
2/24/2020,AF,Afghanistan,EMRO,5,5,0,0
2/25/2020,AF,Afghanistan,EMRO,0,5,0,0
2/26/2020,AF,Afghanistan,EMRO,0,5,0,0
2/27/2020,AF,Afghanistan,EMRO,0,5,0,0
2/28/2020,AF,Afghanistan,EMRO,0,5,0,0
2/29/2020,AF,Afghanistan,EMRO,0,5,0,0
3/1/2020,AF,Afghanistan,EMRO,0,5,0,0
3/2/2020,AF,Afghanistan,EMRO,0,5,0,0
3/3/2020,AF,Afghanistan,EMRO,0,5,0,0
3/4/2020,AF,Afghanistan,EMRO,0,5,0,0
3/5/2020,AF,Afghanistan,EMRO,0,5,0,0
3/6/2020,AF,Afghanistan,EMRO,0,5,0,0
3/7/2020,AF,Afghanistan,EMRO,3,8,0,0
3/8/2020,AF,Afghanistan,EMRO,0,8,0,0
3/9/2020,AF,Afghanistan,EMRO,0,8,0,0
3/10/2020,AF,Afghanistan,EMRO,0,8,0,0
3/11/2020,AF,Afghanistan,EMRO,3,11,0,0
3/12/2020,AF,Afghanistan,EMRO,0,11,0,0
3/13/2020,AF,Afghanistan,EMRO,0,11,0,0
3/14/2020,AF,Afghanistan,EMRO,3,14,0,0
3/15/2020,AF,Afghanistan,EMRO,6,20,0,0
3/16/2020,AF,Afghanistan,EMRO,5,25,0,0
3/17/2020,AF,Afghanistan,EMRO,-1,24,0,0
3/18/2020,AF,Afghanistan,EMRO,0,24,0,0
3/19/2020,AF,Afghanistan,EMRO,0,24,0,0
3/20/2020,AF,Afghanistan,EMRO,0,24,0,0
3/21/2020,AF,Afghanistan,EMRO,0,24,0,0
3/22/2020,AF,Afghanistan,EMRO,10,34,0,0
3/23/2020,AF,Afghanistan,EMRO,6,40,1,1
3/24/2020,AF,Afghanistan,EMRO,2,42,0,1
3/25/2020,AF,Afghanistan,EMRO,32,74,0,1
3/26/2020,AF,Afghanistan,EMRO,6,80,1,2
3/27/2020,AF,Afghanistan,EMRO,11,91,0,2
3/28/2020,AF,Afghanistan,EMRO,15,106,0,2
3/29/2020,AF,Afghanistan,EMRO,8,114,2,4
3/30/2020,AF,Afghanistan,EMRO,0,114,0,4
3/31/2020,AF,Afghanistan,EMRO,52,166,0,4
4/1/2020,AF,Afghanistan,EMRO,26,192,0,4
4/2/2020,AF,Afghanistan,EMRO,43,235,0,4
4/3/2020,AF,Afghanistan,EMRO,34,269,1,5
4/4/2020,AF,Afghanistan,EMRO,1,270,0,5
4/5/2020,AF,Afghanistan,EMRO,29,299,2,7
4/6/2020,AF,Afghanistan,EMRO,38,337,0,7
4/7/2020,AF,Afghanistan,EMRO,30,367,4,11
4/8/2020,AF,Afghanistan,EMRO,56,423,3,14
4/9/2020,AF,Afghanistan,EMRO,21,444,1,15
4/10/2020,AF,Afghanistan,EMRO,77,521,0,15
4/11/2020,AF,Afghanistan,EMRO,0,521,0,15
4/12/2020,AF,Afghanistan,EMRO,34,555,3,18
4/13/2020,AF,Afghanistan,EMRO,52,607,1,19
4/14/2020,AF,Afghanistan,EMRO,58,665,3,22
4/15/2020,AF,Afghanistan,EMRO,105,770,3,25
4/16/2020,AF,Afghanistan,EMRO,24,794,4,29
4/17/2020,AF,Afghanistan,EMRO,51,845,1,30
4/18/2020,AF,Afghanistan,EMRO,63,908,0,30
4/19/2020,AF,Afghanistan,EMRO,25,933,0,30
4/20/2020,AF,Afghanistan,EMRO,63,996,3,33
4/21/2020,AF,Afghanistan,EMRO,30,1026,3,36
4/22/2020,AF,Afghanistan,EMRO,66,1092,0,36
4/23/2020,AF,Afghanistan,EMRO,84,1176,4,40
4/24/2020,AF,Afghanistan,EMRO,50,1226,0,40
4/25/2020,AF,Afghanistan,EMRO,104,1330,3,43
4/26/2020,AF,Afghanistan,EMRO,133,1463,6,49
4/27/2020,AF,Afghanistan,EMRO,68,1531,1,50
4/28/2020,AF,Afghanistan,EMRO,172,1703,10,60
4/29/2020,AF,Afghanistan,EMRO,124,1827,0,60
4/30/2020,AF,Afghanistan,EMRO,0,1827,0,60
5/1/2020,AF,Afghanistan,EMRO,344,2171,4,64
5/2/2020,AF,Afghanistan,EMRO,298,2469,8,72
5/3/2020,AF,Afghanistan,EMRO,0,2469,0,72
5/4/2020,AF,Afghanistan,EMRO,0,2469,0,72
5/5/2020,AF,Afghanistan,EMRO,0,2469,0,72
5/6/2020,AF,Afghanistan,EMRO,755,3224,23,95
5/7/2020,AF,Afghanistan,EMRO,168,3392,9,104
5/8/2020,AF,Afghanistan,EMRO,171,3563,1,105
5/9/2020,AF,Afghanistan,EMRO,0,3563,0,105
5/10/2020,AF,Afghanistan,EMRO,839,4402,14,119
5/11/2020,AF,Afghanistan,EMRO,262,4664,1,120
5/12/2020,AF,Afghanistan,EMRO,303,4967,7,127
5/13/2020,AF,Afghanistan,EMRO,0,4967,0,127
5/14/2020,AF,Afghanistan,EMRO,372,5339,9,136
5/15/2020,AF,Afghanistan,EMRO,714,6053,17,153
5/16/2020,AF,Afghanistan,EMRO,349,6402,15,168
5/17/2020,AF,Afghanistan,EMRO,233,6635,1,169
5/18/2020,AF,Afghanistan,EMRO,437,7072,4,173
5/19/2020,AF,Afghanistan,EMRO,583,7655,4,177
5/20/2020,AF,Afghanistan,EMRO,490,8145,10,187
5/21/2020,AF,Afghanistan,EMRO,531,8676,6,193
5/22/2020,AF,Afghanistan,EMRO,540,9216,12,205
5/23/2020,AF,Afghanistan,EMRO,736,9952,10,215
5/24/2020,AF,Afghanistan,EMRO,716,10668,7,222
5/25/2020,AF,Afghanistan,EMRO,512,11180,1,223
5/26/2020,AF,Afghanistan,EMRO,737,11917,1,224
5/27/2020,AF,Afghanistan,EMRO,548,12465,6,230
5/28/2020,AF,Afghanistan,EMRO,637,13102,9,239
5/29/2020,AF,Afghanistan,EMRO,643,13745,11,250
5/30/2020,AF,Afghanistan,EMRO,784,14529,2,252
5/31/2020,AF,Afghanistan,EMRO,651,15180,2,254
6/1/2020,AF,Afghanistan,EMRO,656,15836,15,269
6/2/2020,AF,Afghanistan,EMRO,742,16578,5,274
6/3/2020,AF,Afghanistan,EMRO,775,17353,24,298
6/4/2020,AF,Afghanistan,EMRO,624,17977,5,303
6/5/2020,AF,Afghanistan,EMRO,1078,19055,10,313
6/6/2020,AF,Afghanistan,EMRO,582,19637,18,331
6/7/2020,AF,Afghanistan,EMRO,791,20428,30,361
6/8/2020,AF,Afghanistan,EMRO,575,21003,12,373
6/9/2020,AF,Afghanistan,EMRO,305,21308,7,380
6/10/2020,AF,Afghanistan,EMRO,920,22228,29,409
6/11/2020,AF,Afghanistan,EMRO,748,22976,21,430
6/12/2020,AF,Afghanistan,EMRO,656,23632,20,450
6/13/2020,AF,Afghanistan,EMRO,556,24188,5,455
6/14/2020,AF,Afghanistan,EMRO,664,24852,20,475
6/15/2020,AF,Afghanistan,EMRO,761,25613,5,480
6/16/2020,AF,Afghanistan,EMRO,106,25719,8,488
6/17/2020,AF,Afghanistan,EMRO,1241,26960,20,508
6/18/2020,AF,Afghanistan,EMRO,463,27423,42,550
6/19/2020,AF,Afghanistan,EMRO,541,27964,2,552
6/20/2020,AF,Afghanistan,EMRO,419,28383,0,552
6/21/2020,AF,Afghanistan,EMRO,536,28919,33,585
6/22/2020,AF,Afghanistan,EMRO,310,29229,17,602
6/23/2020,AF,Afghanistan,EMRO,338,29567,20,622
6/24/2020,AF,Afghanistan,EMRO,159,29726,21,643
6/25/2020,AF,Afghanistan,EMRO,535,30261,36,679
6/26/2020,AF,Afghanistan,EMRO,85,30346,5,684
6/27/2020,AF,Afghanistan,EMRO,356,30702,23,707
6/28/2020,AF,Afghanistan,EMRO,351,31053,26,733
6/29/2020,AF,Afghanistan,EMRO,271,31324,4,737
6/30/2020,AF,Afghanistan,EMRO,121,31445,2,739
7/1/2020,AF,Afghanistan,EMRO,403,31848,39,778
7/2/2020,AF,Afghanistan,EMRO,260,32108,33,811
7/3/2020,AF,Afghanistan,EMRO,302,32410,12,823
7/4/2020,AF,Afghanistan,EMRO,348,32758,7,830
7/5/2020,AF,Afghanistan,EMRO,279,33037,38,868
7/6/2020,AF,Afghanistan,EMRO,113,33150,23,891
7/7/2020,AF,Afghanistan,EMRO,320,33470,33,924
7/8/2020,AF,Afghanistan,EMRO,210,33680,16,940
7/9/2020,AF,Afghanistan,EMRO,59,33739,1,941
7/10/2020,AF,Afghanistan,EMRO,541,34280,34,975
7/11/2020,AF,Afghanistan,EMRO,157,34437,4,979
7/12/2020,AF,Afghanistan,EMRO,100,34537,35,1014
7/13/2020,AF,Afghanistan,EMRO,4,34541,2,1016
7/14/2020,AF,Afghanistan,EMRO,285,34826,33,1049
7/15/2020,AF,Afghanistan,EMRO,200,35026,49,1098
7/16/2020,AF,Afghanistan,EMRO,130,35156,19,1117
7/17/2020,AF,Afghanistan,EMRO,159,35315,34,1151
7/18/2020,AF,Afghanistan,EMRO,60,35375,0,1151
7/19/2020,AF,Afghanistan,EMRO,186,35561,34,1185
7/20/2020,AF,Afghanistan,EMRO,34,35595,2,1187
7/21/2020,AF,Afghanistan,EMRO,106,35701,1,1188
7/22/2020,AF,Afghanistan,EMRO,112,35813,6,1194
7/23/2020,AF,Afghanistan,EMRO,188,36001,21,1215
7/24/2020,AF,Afghanistan,EMRO,66,36067,14,1229
7/25/2020,AF,Afghanistan,EMRO,55,36122,21,1250
7/26/2020,AF,Afghanistan,EMRO,121,36243,13,1263
7/27/2020,AF,Afghanistan,EMRO,106,36349,10,1273
7/28/2020,AF,Afghanistan,EMRO,105,36454,1,1274
7/29/2020,AF,Afghanistan,EMRO,103,36557,1,1275
7/30/2020,AF,Afghanistan,EMRO,71,36628,0,1275
7/31/2020,AF,Afghanistan,EMRO,0,36628,0,1275
8/1/2020,AF,Afghanistan,EMRO,168,36796,12,1287
8/2/2020,AF,Afghanistan,EMRO,0,36796,0,1287
8/3/2020,AF,Afghanistan,EMRO,0,36796,0,1287
8/4/2020,AF,Afghanistan,EMRO,37,36833,5,1292
8/5/2020,AF,Afghanistan,EMRO,82,36915,6,1298
8/6/2020,AF,Afghanistan,EMRO,67,36982,4,1302
8/7/2020,AF,Afghanistan,EMRO,41,37023,0,1302
8/8/2020,AF,Afghanistan,EMRO,78,37101,9,1311
8/9/2020,AF,Afghanistan,EMRO,39,37140,5,1316
8/10/2020,AF,Afghanistan,EMRO,0,37140,0,1316
8/11/2020,AF,Afghanistan,EMRO,215,37355,32,1348
8/12/2020,AF,Afghanistan,EMRO,76,37431,10,1358
8/13/2020,AF,Afghanistan,EMRO,79,37510,9,1367
8/14/2020,AF,Afghanistan,EMRO,7,37517,0,1367
8/15/2020,AF,Afghanistan,EMRO,120,37637,7,1374
8/16/2020,AF,Afghanistan,EMRO,45,37682,5,1379
8/17/2020,AF,Afghanistan,EMRO,0,37682,0,1379
8/18/2020,AF,Afghanistan,EMRO,3,37685,0,1379
8/19/2020,AF,Afghanistan,EMRO,0,37685,0,1379
8/20/2020,AF,Afghanistan,EMRO,160,37845,8,1387
8/21/2020,AF,Afghanistan,EMRO,97,37942,2,1389
8/22/2020,AF,Afghanistan,EMRO,38,37980,0,1389
8/23/2020,AF,Afghanistan,EMRO,59,38039,0,1389
8/24/2020,AF,Afghanistan,EMRO,46,38085,2,1391
8/25/2020,AF,Afghanistan,EMRO,71,38156,10,1401
8/26/2020,AF,Afghanistan,EMRO,43,38199,4,1405
8/27/2020,AF,Afghanistan,EMRO,16,38215,0,1405
8/28/2020,AF,Afghanistan,EMRO,11,38226,1,1406
8/29/2020,AF,Afghanistan,EMRO,3,38229,0,1406
8/30/2020,AF,Afghanistan,EMRO,0,38229,0,1406
8/31/2020,AF,Afghanistan,EMRO,19,38248,0,1406
9/1/2020,AF,Afghanistan,EMRO,34,38282,4,1410
9/2/2020,AF,Afghanistan,EMRO,47,38329,3,1413
9/3/2020,AF,Afghanistan,EMRO,45,38374,0,1413
9/4/2020,AF,Afghanistan,EMRO,0,38374,0,1413
9/5/2020,AF,Afghanistan,EMRO,16,38390,0,1413
9/6/2020,AF,Afghanistan,EMRO,94,38484,3,1416
9/7/2020,AF,Afghanistan,EMRO,96,38580,3,1419
9/8/2020,AF,Afghanistan,EMRO,26,38606,3,1422
9/9/2020,AF,Afghanistan,EMRO,24,38630,2,1424
9/10/2020,AF,Afghanistan,EMRO,28,38658,0,1424
9/11/2020,AF,Afghanistan,EMRO,34,38692,0,1424
9/12/2020,AF,Afghanistan,EMRO,35,38727,0,1424
9/13/2020,AF,Afghanistan,EMRO,75,38802,0,1424
9/14/2020,AF,Afghanistan,EMRO,56,38858,5,1429
9/15/2020,AF,Afghanistan,EMRO,43,38901,1,1430
9/16/2020,AF,Afghanistan,EMRO,40,38941,10,1440
9/17/2020,AF,Afghanistan,EMRO,17,38958,0,1440
9/18/2020,AF,Afghanistan,EMRO,11,38969,1,1441
9/19/2020,AF,Afghanistan,EMRO,36,39005,0,1441
9/20/2020,AF,Afghanistan,EMRO,125,39130,4,1445
9/21/2020,AF,Afghanistan,EMRO,30,39160,3,1448
9/22/2020,AF,Afghanistan,EMRO,22,39182,1,1449
9/23/2020,AF,Afghanistan,EMRO,49,39231,1,1450
9/24/2020,AF,Afghanistan,EMRO,25,39256,5,1455
9/25/2020,AF,Afghanistan,EMRO,16,39272,0,1455
9/26/2020,AF,Afghanistan,EMRO,6,39278,2,1457
9/27/2020,AF,Afghanistan,EMRO,35,39313,0,1457
9/28/2020,AF,Afghanistan,EMRO,12,39325,3,1460
9/29/2020,AF,Afghanistan,EMRO,15,39340,2,1462
9/30/2020,AF,Afghanistan,EMRO,14,39354,0,1462
10/1/2020,AF,Afghanistan,EMRO,17,39371,0,1462
10/2/2020,AF,Afghanistan,EMRO,5,39376,0,1462
10/3/2020,AF,Afghanistan,EMRO,7,39383,4,1466
10/4/2020,AF,Afghanistan,EMRO,44,39427,0,1466
10/5/2020,AF,Afghanistan,EMRO,81,39508,4,1470
10/6/2020,AF,Afghanistan,EMRO,64,39572,1,1471
10/7/2020,AF,Afghanistan,EMRO,62,39634,2,1473
10/8/2020,AF,Afghanistan,EMRO,68,39702,1,1474
10/9/2020,AF,Afghanistan,EMRO,77,39779,2,1476
10/10/2020,AF,Afghanistan,EMRO,10,39789,1,1477
10/11/2020,AF,Afghanistan,EMRO,96,39885,4,1481
10/12/2020,AF,Afghanistan,EMRO,71,39956,2,1483
10/13/2020,AF,Afghanistan,EMRO,58,40014,1,1484
10/14/2020,AF,Afghanistan,EMRO,66,40080,1,1485
10/15/2020,AF,Afghanistan,EMRO,32,40112,0,1485
10/16/2020,AF,Afghanistan,EMRO,47,40159,4,1489
10/17/2020,AF,Afghanistan,EMRO,68,40227,3,1492
10/18/2020,AF,Afghanistan,EMRO,59,40286,4,1496
10/19/2020,AF,Afghanistan,EMRO,87,40373,5,1501
10/20/2020,AF,Afghanistan,EMRO,88,40461,2,1503
10/21/2020,AF,Afghanistan,EMRO,0,40461,0,1503
10/22/2020,AF,Afghanistan,EMRO,49,40510,0,1503
10/23/2020,AF,Afghanistan,EMRO,116,40626,2,1505
10/24/2020,AF,Afghanistan,EMRO,61,40687,2,1507
10/25/2020,AF,Afghanistan,EMRO,81,40768,4,1511
10/26/2020,AF,Afghanistan,EMRO,65,40833,3,1514
10/27/2020,AF,Afghanistan,EMRO,104,40937,4,1518
10/28/2020,AF,Afghanistan,EMRO,95,41032,5,1523
10/29/2020,AF,Afghanistan,EMRO,113,41145,6,1529
10/30/2020,AF,Afghanistan,EMRO,123,41268,3,1532
10/31/2020,AF,Afghanistan,EMRO,66,41334,1,1533
11/1/2020,AF,Afghanistan,EMRO,91,41425,3,1536
11/2/2020,AF,Afghanistan,EMRO,76,41501,0,1536
11/3/2020,AF,Afghanistan,EMRO,132,41633,5,1541
11/4/2020,AF,Afghanistan,EMRO,95,41728,3,1544
11/5/2020,AF,Afghanistan,EMRO,86,41814,4,1548
11/6/2020,AF,Afghanistan,EMRO,121,41935,6,1554
11/7/2020,AF,Afghanistan,EMRO,40,41975,0,1554
11/8/2020,AF,Afghanistan,EMRO,58,42033,2,1556
11/9/2020,AF,Afghanistan,EMRO,126,42159,6,1562
11/10/2020,AF,Afghanistan,EMRO,138,42297,12,1574
11/11/2020,AF,Afghanistan,EMRO,166,42463,3,1577
11/12/2020,AF,Afghanistan,EMRO,146,42609,4,1581
11/13/2020,AF,Afghanistan,EMRO,186,42795,10,1591
11/14/2020,AF,Afghanistan,EMRO,174,42969,4,1595
11/15/2020,AF,Afghanistan,EMRO,66,43035,10,1605
11/16/2020,AF,Afghanistan,EMRO,205,43240,12,1617
11/17/2020,AF,Afghanistan,EMRO,163,43403,9,1626
11/18/2020,AF,Afghanistan,EMRO,225,43628,12,1638
11/19/2020,AF,Afghanistan,EMRO,223,43851,7,1645
11/20/2020,AF,Afghanistan,EMRO,377,44228,5,1650
11/21/2020,AF,Afghanistan,EMRO,215,44443,11,1661
11/22/2020,AF,Afghanistan,EMRO,60,44503,14,1675
11/23/2020,AF,Afghanistan,EMRO,203,44706,12,1687
11/24/2020,AF,Afghanistan,EMRO,282,44988,8,1695
11/25/2020,AF,Afghanistan,EMRO,290,45278,17,1712
11/26/2020,AF,Afghanistan,EMRO,212,45490,13,1725
11/27/2020,AF,Afghanistan,EMRO,226,45716,12,1737
11/28/2020,AF,Afghanistan,EMRO,123,45839,3,1740
11/29/2020,AF,Afghanistan,EMRO,127,45966,12,1752
11/30/2020,AF,Afghanistan,EMRO,249,46215,11,1763
12/1/2020,AF,Afghanistan,EMRO,283,46498,11,1774
12/2/2020,AF,Afghanistan,EMRO,219,46717,21,1795
12/3/2020,AF,Afghanistan,EMRO,263,46980,27,1822
12/4/2020,AF,Afghanistan,EMRO,278,47258,19,1841
12/5/2020,AF,Afghanistan,EMRO,130,47388,6,1847
12/6/2020,AF,Afghanistan,EMRO,253,47641,18,1865
12/7/2020,AF,Afghanistan,EMRO,260,47901,10,1875
12/8/2020,AF,Afghanistan,EMRO,235,48136,27,1902
12/9/2020,AF,Afghanistan,EMRO,230,48366,6,1908
12/10/2020,AF,Afghanistan,EMRO,174,48540,13,1921
12/11/2020,AF,Afghanistan,EMRO,213,48753,18,1939
12/12/2020,AF,Afghanistan,EMRO,73,48826,10,1949
12/13/2020,AF,Afghanistan,EMRO,126,48952,11,1960
12/14/2020,AF,Afghanistan,EMRO,321,49273,11,1971
12/15/2020,AF,Afghanistan,EMRO,211,49484,4,1975
12/16/2020,AF,Afghanistan,EMRO,219,49703,26,2001
12/17/2020,AF,Afghanistan,EMRO,224,49927,16,2017
12/18/2020,AF,Afghanistan,EMRO,275,50202,15,2032
12/19/2020,AF,Afghanistan,EMRO,254,50456,5,2037
12/20/2020,AF,Afghanistan,EMRO,80,50536,17,2054
12/21/2020,AF,Afghanistan,EMRO,142,50678,20,2074
12/22/2020,AF,Afghanistan,EMRO,210,50888,15,2089
12/23/2020,AF,Afghanistan,EMRO,182,51070,16,2105
12/24/2020,AF,Afghanistan,EMRO,287,51357,21,2126
12/25/2020,AF,Afghanistan,EMRO,238,51595,9,2135
12/26/2020,AF,Afghanistan,EMRO,169,51764,13,2148
12/27/2020,AF,Afghanistan,EMRO,84,51848,10,2158
12/28/2020,AF,Afghanistan,EMRO,159,52007,12,2170
12/29/2020,AF,Afghanistan,EMRO,140,52147,12,2182
12/30/2020,AF,Afghanistan,EMRO,183,52330,7,2189
12/31/2020,AF,Afghanistan,EMRO,0,52330,0,2189
1/1/2021,AF,Afghanistan,EMRO,183,52513,12,2201
1/2/2021,AF,Afghanistan,EMRO,73,52586,10,2211
1/3/2021,AF,Afghanistan,EMRO,123,52709,10,2221
1/4/2021,AF,Afghanistan,EMRO,200,52909,9,2230
1/5/2021,AF,Afghanistan,EMRO,102,53011,7,2237
1/6/2021,AF,Afghanistan,EMRO,94,53105,7,2244
1/7/2021,AF,Afghanistan,EMRO,102,53207,9,2253
1/8/2021,AF,Afghanistan,EMRO,125,53332,4,2257
1/9/2021,AF,Afghanistan,EMRO,68,53400,7,2264
1/10/2021,AF,Afghanistan,EMRO,89,53489,13,2277
1/11/2021,AF,Afghanistan,EMRO,49,53538,11,2288
1/12/2021,AF,Afghanistan,EMRO,46,53584,13,2301
1/13/2021,AF,Afghanistan,EMRO,106,53690,7,2308
1/14/2021,AF,Afghanistan,EMRO,85,53775,6,2314
1/15/2021,AF,Afghanistan,EMRO,56,53831,10,2324
1/16/2021,AF,Afghanistan,EMRO,107,53938,12,2336
1/17/2021,AF,Afghanistan,EMRO,46,53984,3,2339
1/18/2021,AF,Afghanistan,EMRO,78,54062,4,2343
1/19/2021,AF,Afghanistan,EMRO,79,54141,3,2346
1/20/2021,AF,Afghanistan,EMRO,137,54278,8,2354
1/21/2021,AF,Afghanistan,EMRO,125,54403,9,2363
1/22/2021,AF,Afghanistan,EMRO,80,54483,7,2370
1/23/2021,AF,Afghanistan,EMRO,76,54559,3,2373
1/24/2021,AF,Afghanistan,EMRO,36,54595,5,2378
1/25/2021,AF,Afghanistan,EMRO,77,54672,7,2385
1/26/2021,AF,Afghanistan,EMRO,78,54750,4,2389
1/27/2021,AF,Afghanistan,EMRO,104,54854,0,2389
1/28/2021,AF,Afghanistan,EMRO,37,54891,8,2397
1/29/2021,AF,Afghanistan,EMRO,48,54939,2,2399
1/30/2021,AF,Afghanistan,EMRO,69,55008,1,2400
1/31/2021,AF,Afghanistan,EMRO,15,55023,0,2400
2/1/2021,AF,Afghanistan,EMRO,36,55059,4,2404
2/2/2021,AF,Afghanistan,EMRO,62,55121,1,2405
2/3/2021,AF,Afghanistan,EMRO,53,55174,1,2406
2/4/2021,AF,Afghanistan,EMRO,57,55231,1,2407
2/5/2021,AF,Afghanistan,EMRO,34,55265,0,2407
2/6/2021,AF,Afghanistan,EMRO,65,55330,1,2408
2/7/2021,AF,Afghanistan,EMRO,5,55335,2,2410
2/8/2021,AF,Afghanistan,EMRO,24,55359,3,2413
2/9/2021,AF,Afghanistan,EMRO,25,55384,1,2414
2/10/2021,AF,Afghanistan,EMRO,18,55402,4,2418
2/11/2021,AF,Afghanistan,EMRO,18,55420,1,2419
2/12/2021,AF,Afghanistan,EMRO,25,55445,5,2424
2/13/2021,AF,Afghanistan,EMRO,28,55473,3,2427
2/14/2021,AF,Afghanistan,EMRO,19,55492,0,2427
2/15/2021,AF,Afghanistan,EMRO,22,55514,0,2427
2/16/2021,AF,Afghanistan,EMRO,4,55518,1,2428
2/17/2021,AF,Afghanistan,EMRO,22,55540,0,2428
2/18/2021,AF,Afghanistan,EMRO,17,55557,2,2430
2/19/2021,AF,Afghanistan,EMRO,18,55575,0,2430
2/20/2021,AF,Afghanistan,EMRO,5,55580,0,2430
2/21/2021,AF,Afghanistan,EMRO,24,55604,2,2432
2/22/2021,AF,Afghanistan,EMRO,13,55617,1,2433
2/23/2021,AF,Afghanistan,EMRO,29,55646,2,2435
2/24/2021,AF,Afghanistan,EMRO,18,55664,1,2436
2/25/2021,AF,Afghanistan,EMRO,16,55680,2,2438
2/26/2021,AF,Afghanistan,EMRO,16,55696,4,2442
2/27/2021,AF,Afghanistan,EMRO,11,55707,1,2443
2/28/2021,AF,Afghanistan,EMRO,7,55714,0,2443
3/1/2021,AF,Afghanistan,EMRO,19,55733,1,2444
3/2/2021,AF,Afghanistan,EMRO,26,55759,2,2446
3/3/2021,AF,Afghanistan,EMRO,11,55770,0,2446
3/4/2021,AF,Afghanistan,EMRO,5,55775,0,2446
3/5/2021,AF,Afghanistan,EMRO,52,55827,3,2449
3/6/2021,AF,Afghanistan,EMRO,13,55840,0,2449
3/7/2021,AF,Afghanistan,EMRO,7,55847,0,2449
3/8/2021,AF,Afghanistan,EMRO,29,55876,2,2451
3/9/2021,AF,Afghanistan,EMRO,0,55876,0,2451
3/10/2021,AF,Afghanistan,EMRO,18,55894,0,2451
3/11/2021,AF,Afghanistan,EMRO,23,55917,0,2451
3/12/2021,AF,Afghanistan,EMRO,42,55959,3,2454
3/13/2021,AF,Afghanistan,EMRO,0,55959,0,2454
3/14/2021,AF,Afghanistan,EMRO,26,55985,3,2457
3/15/2021,AF,Afghanistan,EMRO,0,55985,2,2459
3/16/2021,AF,Afghanistan,EMRO,10,55995,1,2460
3/17/2021,AF,Afghanistan,EMRO,21,56016,0,2460
3/18/2021,AF,Afghanistan,EMRO,28,56044,2,2462
3/19/2021,AF,Afghanistan,EMRO,25,56069,0,2462
3/20/2021,AF,Afghanistan,EMRO,24,56093,0,2462
3/21/2021,AF,Afghanistan,EMRO,10,56103,1,2463
3/22/2021,AF,Afghanistan,EMRO,50,56153,1,2464
3/23/2021,AF,Afghanistan,EMRO,24,56177,2,2466
3/24/2021,AF,Afghanistan,EMRO,15,56192,0,2466
3/25/2021,AF,Afghanistan,EMRO,34,56226,1,2467
3/26/2021,AF,Afghanistan,EMRO,28,56254,0,2467
3/27/2021,AF,Afghanistan,EMRO,36,56290,2,2469
3/28/2021,AF,Afghanistan,EMRO,4,56294,1,2470
3/29/2021,AF,Afghanistan,EMRO,28,56322,2,2472
3/30/2021,AF,Afghanistan,EMRO,62,56384,4,2476
3/31/2021,AF,Afghanistan,EMRO,70,56454,8,2484
4/1/2021,AF,Afghanistan,EMRO,63,56517,5,2489
4/2/2021,AF,Afghanistan,EMRO,55,56572,6,2495
4/3/2021,AF,Afghanistan,EMRO,23,56595,1,2496
4/4/2021,AF,Afghanistan,EMRO,81,56676,1,2497
4/5/2021,AF,Afghanistan,EMRO,41,56717,11,2508
4/6/2021,AF,Afghanistan,EMRO,62,56779,4,2512
4/7/2021,AF,Afghanistan,EMRO,94,56873,0,2512
4/8/2021,AF,Afghanistan,EMRO,70,56943,4,2516
4/9/2021,AF,Afghanistan,EMRO,76,57019,5,2521
4/10/2021,AF,Afghanistan,EMRO,125,57144,0,2521
4/11/2021,AF,Afghanistan,EMRO,16,57160,0,2521
4/12/2021,AF,Afghanistan,EMRO,82,57242,8,2529
4/13/2021,AF,Afghanistan,EMRO,122,57364,0,2529
4/14/2021,AF,Afghanistan,EMRO,128,57492,3,2532
4/15/2021,AF,Afghanistan,EMRO,42,57534,1,2533
4/16/2021,AF,Afghanistan,EMRO,78,57612,2,2535
4/17/2021,AF,Afghanistan,EMRO,109,57721,4,2539
4/18/2021,AF,Afghanistan,EMRO,72,57793,0,2539
4/19/2021,AF,Afghanistan,EMRO,105,57898,7,2546
4/20/2021,AF,Afghanistan,EMRO,139,58037,3,2549
4/21/2021,AF,Afghanistan,EMRO,177,58214,8,2557
4/22/2021,AF,Afghanistan,EMRO,98,58312,4,2561
4/23/2021,AF,Afghanistan,EMRO,230,58542,4,2565
4/24/2021,AF,Afghanistan,EMRO,188,58730,7,2572
4/25/2021,AF,Afghanistan,EMRO,113,58843,10,2582
4/26/2021,AF,Afghanistan,EMRO,172,59015,10,2592
4/27/2021,AF,Afghanistan,EMRO,210,59225,6,2598
4/28/2021,AF,Afghanistan,EMRO,145,59370,13,2611
4/29/2021,AF,Afghanistan,EMRO,206,59576,7,2618
4/30/2021,AF,Afghanistan,EMRO,169,59745,7,2625
5/1/2021,AF,Afghanistan,EMRO,194,59939,6,2631
5/2/2021,AF,Afghanistan,EMRO,183,60122,6,2637
5/3/2021,AF,Afghanistan,EMRO,178,60300,5,2642
5/4/2021,AF,Afghanistan,EMRO,263,60563,6,2648
5/5/2021,AF,Afghanistan,EMRO,234,60797,6,2654
5/6/2021,AF,Afghanistan,EMRO,365,61162,10,2664
5/7/2021,AF,Afghanistan,EMRO,293,61455,9,2673
5/8/2021,AF,Afghanistan,EMRO,300,61755,10,2683
5/9/2021,AF,Afghanistan,EMRO,87,61842,3,2686
5/10/2021,AF,Afghanistan,EMRO,221,62063,12,2698
5/11/2021,AF,Afghanistan,EMRO,340,62403,12,2710
5/12/2021,AF,Afghanistan,EMRO,315,62718,3,2713
5/13/2021,AF,Afghanistan,EMRO,327,63045,8,2721
5/14/2021,AF,Afghanistan,EMRO,310,63355,9,2730
5/15/2021,AF,Afghanistan,EMRO,57,63412,3,2733
5/16/2021,AF,Afghanistan,EMRO,72,63484,9,2742
5/17/2021,AF,Afghanistan,EMRO,114,63598,3,2745
5/18/2021,AF,Afghanistan,EMRO,221,63819,6,2751
5/19/2021,AF,Afghanistan,EMRO,303,64122,11,2762
5/20/2021,AF,Afghanistan,EMRO,453,64575,10,2772
5/21/2021,AF,Afghanistan,EMRO,505,65080,10,2782
5/22/2021,AF,Afghanistan,EMRO,406,65486,10,2792
5/23/2021,AF,Afghanistan,EMRO,242,65728,10,2802
5/24/2021,AF,Afghanistan,EMRO,547,66275,10,2812
5/25/2021,AF,Afghanistan,EMRO,628,66903,24,2836
5/26/2021,AF,Afghanistan,EMRO,840,67743,19,2855
5/27/2021,AF,Afghanistan,EMRO,623,68366,14,2869
5/28/2021,AF,Afghanistan,EMRO,764,69130,12,2881
5/29/2021,AF,Afghanistan,EMRO,981,70111,18,2899
5/30/2021,AF,Afghanistan,EMRO,650,70761,20,2919
5/31/2021,AF,Afghanistan,EMRO,1077,71838,25,2944
6/1/2021,AF,Afghanistan,EMRO,1139,72977,29,2973
6/2/2021,AF,Afghanistan,EMRO,1049,74026,34,3007
6/3/2021,AF,Afghanistan,EMRO,1093,75119,27,3034
6/4/2021,AF,Afghanistan,EMRO,1509,76628,34,3068
6/5/2021,AF,Afghanistan,EMRO,1335,77963,36,3104
6/6/2021,AF,Afghanistan,EMRO,1261,79224,41,3145
6/7/2021,AF,Afghanistan,EMRO,1617,80841,42,3187
6/8/2021,AF,Afghanistan,EMRO,1485,82326,64,3251
6/9/2021,AF,Afghanistan,EMRO,1724,84050,54,3305
6/10/2021,AF,Afghanistan,EMRO,1842,85892,51,3356
6/11/2021,AF,Afghanistan,EMRO,1824,87716,56,3412
6/12/2021,AF,Afghanistan,EMRO,1024,88740,37,3449
6/13/2021,AF,Afghanistan,EMRO,1121,89861,78,3527
6/14/2021,AF,Afghanistan,EMRO,1597,91458,85,3612
6/15/2021,AF,Afghanistan,EMRO,1814,93272,71,3683
6/16/2021,AF,Afghanistan,EMRO,16,93288,0,3683
6/17/2021,AF,Afghanistan,EMRO,3243,96531,159,3842
6/18/2021,AF,Afghanistan,EMRO,2203,98734,92,3934
6/19/2021,AF,Afghanistan,EMRO,1787,100521,96,4030
6/20/2021,AF,Afghanistan,EMRO,1385,101906,92,4122
6/21/2021,AF,Afghanistan,EMRO,1996,103902,93,4215
6/22/2021,AF,Afghanistan,EMRO,1847,105749,78,4293
6/23/2021,AF,Afghanistan,EMRO,2208,107957,73,4366
6/24/2021,AF,Afghanistan,EMRO,1575,109532,86,4452
6/25/2021,AF,Afghanistan,EMRO,2060,111592,67,4519
6/26/2021,AF,Afghanistan,EMRO,1532,113124,75,4594
6/27/2021,AF,Afghanistan,EMRO,1096,114220,56,4650
6/28/2021,AF,Afghanistan,EMRO,1531,115751,80,4730
6/29/2021,AF,Afghanistan,EMRO,1407,117158,64,4794
6/30/2021,AF,Afghanistan,EMRO,1501,118659,77,4871
7/1/2021,AF,Afghanistan,EMRO,1557,120216,91,4962
7/2/2021,AF,Afghanistan,EMRO,1940,122156,86,5048
7/3/2021,AF,Afghanistan,EMRO,1329,123485,59,5107
7/4/2021,AF,Afghanistan,EMRO,1263,124748,92,5199
7/5/2021,AF,Afghanistan,EMRO,1189,125937,84,5283
7/6/2021,AF,Afghanistan,EMRO,1527,127464,77,5360
7/7/2021,AF,Afghanistan,EMRO,1557,129021,55,5415
7/8/2021,AF,Afghanistan,EMRO,1092,130113,62,5477
7/9/2021,AF,Afghanistan,EMRO,1473,131586,84,5561
7/10/2021,AF,Afghanistan,EMRO,1191,132777,77,5638
7/11/2021,AF,Afghanistan,EMRO,801,133578,86,5724
7/12/2021,AF,Afghanistan,EMRO,1075,134653,67,5791
7/13/2021,AF,Afghanistan,EMRO,1236,135889,58,5849
7/14/2021,AF,Afghanistan,EMRO,754,136643,74,5923
7/15/2021,AF,Afghanistan,EMRO,1210,137853,60,5983
7/16/2021,AF,Afghanistan,EMRO,1198,139051,89,6072
7/17/2021,AF,Afghanistan,EMRO,1173,140224,26,6098
7/18/2021,AF,Afghanistan,EMRO,378,140602,49,6147
7/19/2021,AF,Afghanistan,EMRO,897,141499,66,6213
7/20/2021,AF,Afghanistan,EMRO,915,142414,53,6266
7/21/2021,AF,Afghanistan,EMRO,348,142762,27,6293
7/22/2021,AF,Afghanistan,EMRO,421,143183,32,6325
7/23/2021,AF,Afghanistan,EMRO,256,143439,32,6357
7/24/2021,AF,Afghanistan,EMRO,227,143666,36,6393
7/25/2021,AF,Afghanistan,EMRO,205,143871,32,6425
7/26/2021,AF,Afghanistan,EMRO,414,144285,52,6477
7/27/2021,AF,Afghanistan,EMRO,723,145008,38,6515
7/28/2021,AF,Afghanistan,EMRO,544,145552,62,6577
7/29/2021,AF,Afghanistan,EMRO,444,145996,38,6615
7/30/2021,AF,Afghanistan,EMRO,527,146523,62,6677
7/31/2021,AF,Afghanistan,EMRO,631,147154,31,6708
8/1/2021,AF,Afghanistan,EMRO,347,147501,29,6737
8/2/2021,AF,Afghanistan,EMRO,484,147985,37,6774
8/3/2021,AF,Afghanistan,EMRO,587,148572,30,6804
8/4/2021,AF,Afghanistan,EMRO,361,148933,32,6836
8/5/2021,AF,Afghanistan,EMRO,428,149361,28,6864
8/6/2021,AF,Afghanistan,EMRO,449,149810,15,6879
8/7/2021,AF,Afghanistan,EMRO,430,150240,18,6897
8/8/2021,AF,Afghanistan,EMRO,218,150458,11,6908
8/9/2021,AF,Afghanistan,EMRO,320,150778,28,6936
8/10/2021,AF,Afghanistan,EMRO,235,151013,25,6961
8/11/2021,AF,Afghanistan,EMRO,278,151291,17,6978
8/12/2021,AF,Afghanistan,EMRO,272,151563,10,6988
8/13/2021,AF,Afghanistan,EMRO,207,151770,12,7000
8/14/2021,AF,Afghanistan,EMRO,171,151941,10,7010
8/15/2021,AF,Afghanistan,EMRO,92,152033,11,7021
8/16/2021,AF,Afghanistan,EMRO,109,152142,4,7025
8/17/2021,AF,Afghanistan,EMRO,101,152243,6,7031
8/18/2021,AF,Afghanistan,EMRO,120,152363,12,7043
8/19/2021,AF,Afghanistan,EMRO,48,152411,4,7047
8/20/2021,AF,Afghanistan,EMRO,37,152448,7,7054
8/21/2021,AF,Afghanistan,EMRO,49,152497,11,7065
8/22/2021,AF,Afghanistan,EMRO,14,152511,5,7070
8/23/2021,AF,Afghanistan,EMRO,72,152583,6,7076
8/24/2021,AF,Afghanistan,EMRO,77,152660,7,7083
8/25/2021,AF,Afghanistan,EMRO,62,152722,7,7090
8/26/2021,AF,Afghanistan,EMRO,100,152822,3,7093
8/27/2021,AF,Afghanistan,EMRO,138,152960,8,7101
8/28/2021,AF,Afghanistan,EMRO,47,153007,2,7103
8/29/2021,AF,Afghanistan,EMRO,26,153033,6,7109
8/30/2021,AF,Afghanistan,EMRO,115,153148,7,7116
8/31/2021,AF,Afghanistan,EMRO,72,153220,2,7118
9/1/2021,AF,Afghanistan,EMRO,40,153260,5,7123
9/2/2021,AF,Afghanistan,EMRO,46,153306,4,7127
9/3/2021,AF,Afghanistan,EMRO,69,153375,0,7127
9/4/2021,AF,Afghanistan,EMRO,20,153395,1,7128
9/5/2021,AF,Afghanistan,EMRO,28,153423,4,7132
9/6/2021,AF,Afghanistan,EMRO,111,153534,9,7141
9/7/2021,AF,Afghanistan,EMRO,92,153626,3,7144
9/8/2021,AF,Afghanistan,EMRO,110,153736,7,7151
9/9/2021,AF,Afghanistan,EMRO,104,153840,6,7157
9/10/2021,AF,Afghanistan,EMRO,122,153962,7,7164
9/11/2021,AF,Afghanistan,EMRO,20,153982,3,7167
9/12/2021,AF,Afghanistan,EMRO,8,153990,0,7167
9/13/2021,AF,Afghanistan,EMRO,104,154094,2,7169
9/14/2021,AF,Afghanistan,EMRO,86,154180,2,7171
9/15/2021,AF,Afghanistan,EMRO,103,154283,3,7174
9/16/2021,AF,Afghanistan,EMRO,78,154361,9,7183
9/17/2021,AF,Afghanistan,EMRO,126,154487,3,7186
9/18/2021,AF,Afghanistan,EMRO,45,154532,9,7195
9/19/2021,AF,Afghanistan,EMRO,7,154539,4,7199
9/20/2021,AF,Afghanistan,EMRO,46,154585,0,7199
9/21/2021,AF,Afghanistan,EMRO,127,154712,0,7199
9/22/2021,AF,Afghanistan,EMRO,45,154757,0,7199
9/23/2021,AF,Afghanistan,EMRO,43,154800,0,7199
9/24/2021,AF,Afghanistan,EMRO,38,154838,0,7199
9/25/2021,AF,Afghanistan,EMRO,59,154897,0,7199
9/26/2021,AF,Afghanistan,EMRO,2,154899,0,7199
9/27/2021,AF,Afghanistan,EMRO,51,154950,1,7200
9/28/2021,AF,Afghanistan,EMRO,21,154971,1,7201
9/29/2021,AF,Afghanistan,EMRO,35,155006,3,7204
9/30/2021,AF,Afghanistan,EMRO,46,155052,0,7204
10/1/2021,AF,Afghanistan,EMRO,17,155069,2,7206
10/2/2021,AF,Afghanistan,EMRO,37,155106,3,7209
10/3/2021,AF,Afghanistan,EMRO,35,155141,3,7212
10/4/2021,AF,Afghanistan,EMRO,24,155165,0,7212
10/5/2021,AF,Afghanistan,EMRO,22,155187,2,7214
10/6/2021,AF,Afghanistan,EMRO,31,155218,2,7216
10/7/2021,AF,Afghanistan,EMRO,42,155260,4,7220
10/8/2021,AF,Afghanistan,EMRO,47,155307,1,7221
10/9/2021,AF,Afghanistan,EMRO,19,155326,0,7221
10/10/2021,AF,Afghanistan,EMRO,18,155344,0,7221
10/11/2021,AF,Afghanistan,EMRO,43,155387,5,7226
10/12/2021,AF,Afghanistan,EMRO,31,155418,2,7228
10/13/2021,AF,Afghanistan,EMRO,59,155477,2,7230
10/14/2021,AF,Afghanistan,EMRO,28,155505,4,7234
10/15/2021,AF,Afghanistan,EMRO,55,155560,4,7238
10/16/2021,AF,Afghanistan,EMRO,21,155581,0,7238
10/17/2021,AF,Afghanistan,EMRO,36,155617,0,7238
10/18/2021,AF,Afghanistan,EMRO,24,155641,5,7243
10/19/2021,AF,Afghanistan,EMRO,13,155654,3,7246
10/20/2021,AF,Afghanistan,EMRO,25,155679,1,7247
10/21/2021,AF,Afghanistan,EMRO,58,155737,0,7247
10/22/2021,AF,Afghanistan,EMRO,32,155769,2,7249
10/23/2021,AF,Afghanistan,EMRO,40,155809,3,7252
10/24/2021,AF,Afghanistan,EMRO,9,155818,1,7253
10/25/2021,AF,Afghanistan,EMRO,45,155863,4,7257
10/26/2021,AF,Afghanistan,EMRO,55,155918,3,7260
10/27/2021,AF,Afghanistan,EMRO,31,155949,2,7262
10/28/2021,AF,Afghanistan,EMRO,53,156002,4,7266
10/29/2021,AF,Afghanistan,EMRO,42,156044,2,7268
10/30/2021,AF,Afghanistan,EMRO,30,156074,1,7269
10/31/2021,AF,Afghanistan,EMRO,14,156088,3,7272
11/1/2021,AF,Afghanistan,EMRO,40,156128,8,7280
11/2/2021,AF,Afghanistan,EMRO,34,156162,1,7281
11/3/2021,AF,Afghanistan,EMRO,23,156185,0,7281
11/4/2021,AF,Afghanistan,EMRO,16,156201,3,7284
11/5/2021,AF,Afghanistan,EMRO,40,156241,0,7284
11/6/2021,AF,Afghanistan,EMRO,29,156270,0,7284
11/7/2021,AF,Afghanistan,EMRO,5,156275,0,7284
11/8/2021,AF,Afghanistan,EMRO,20,156295,3,7287
11/9/2021,AF,Afghanistan,EMRO,34,156329,1,7288
11/10/2021,AF,Afghanistan,EMRO,36,156365,2,7290
11/11/2021,AF,Afghanistan,EMRO,49,156414,1,7291
11/12/2021,AF,Afghanistan,EMRO,42,156456,1,7292
11/13/2021,AF,Afghanistan,EMRO,35,156491,0,7292
11/14/2021,AF,Afghanistan,EMRO,21,156512,0,7292
11/15/2021,AF,Afghanistan,EMRO,40,156552,1,7293
11/16/2021,AF,Afghanistan,EMRO,58,156610,1,7294
11/17/2021,AF,Afghanistan,EMRO,39,156649,1,7295
11/18/2021,AF,Afghanistan,EMRO,90,156739,2,7297
11/19/2021,AF,Afghanistan,EMRO,47,156786,2,7299
11/20/2021,AF,Afghanistan,EMRO,44,156830,0,7299
11/21/2021,AF,Afghanistan,EMRO,34,156864,2,7301
11/22/2021,AF,Afghanistan,EMRO,47,156911,2,7303
11/23/2021,AF,Afghanistan,EMRO,50,156961,0,7303
11/24/2021,AF,Afghanistan,EMRO,54,157015,2,7305
11/25/2021,AF,Afghanistan,EMRO,17,157032,1,7306
11/26/2021,AF,Afghanistan,EMRO,112,157144,1,7307
11/27/2021,AF,Afghanistan,EMRO,27,157171,0,7307
11/28/2021,AF,Afghanistan,EMRO,19,157190,1,7308
11/29/2021,AF,Afghanistan,EMRO,28,157218,0,7308
11/30/2021,AF,Afghanistan,EMRO,42,157260,0,7308
12/1/2021,AF,Afghanistan,EMRO,29,157289,0,7308
12/2/2021,AF,Afghanistan,EMRO,70,157359,1,7309
12/3/2021,AF,Afghanistan,EMRO,28,157387,1,7310
12/4/2021,AF,Afghanistan,EMRO,20,157407,0,7310
12/5/2021,AF,Afghanistan,EMRO,24,157431,2,7312
12/6/2021,AF,Afghanistan,EMRO,23,157454,0,7312
12/7/2021,AF,Afghanistan,EMRO,45,157499,4,7316
12/8/2021,AF,Afghanistan,EMRO,9,157508,1,7317
12/9/2021,AF,Afghanistan,EMRO,34,157542,2,7319
12/10/2021,AF,Afghanistan,EMRO,43,157585,2,7321
12/11/2021,AF,Afghanistan,EMRO,18,157603,3,7324
12/12/2021,AF,Afghanistan,EMRO,8,157611,1,7325
12/13/2021,AF,Afghanistan,EMRO,22,157633,3,7328
12/14/2021,AF,Afghanistan,EMRO,15,157648,0,7328
12/15/2021,AF,Afghanistan,EMRO,12,157660,1,7329
12/16/2021,AF,Afghanistan,EMRO,5,157665,2,7331
12/17/2021,AF,Afghanistan,EMRO,60,157725,1,7332
12/18/2021,AF,Afghanistan,EMRO,9,157734,0,7332
12/19/2021,AF,Afghanistan,EMRO,11,157745,1,7333
12/20/2021,AF,Afghanistan,EMRO,42,157787,2,7335
12/21/2021,AF,Afghanistan,EMRO,10,157797,0,7335
12/22/2021,AF,Afghanistan,EMRO,19,157816,0,7335
12/23/2021,AF,Afghanistan,EMRO,25,157841,6,7341
12/24/2021,AF,Afghanistan,EMRO,37,157878,5,7346
12/25/2021,AF,Afghanistan,EMRO,9,157887,2,7348
12/26/2021,AF,Afghanistan,EMRO,15,157902,4,7352
12/27/2021,AF,Afghanistan,EMRO,49,157951,2,7354
12/28/2021,AF,Afghanistan,EMRO,16,157967,0,7354
12/29/2021,AF,Afghanistan,EMRO,31,157998,1,7355
12/30/2021,AF,Afghanistan,EMRO,41,158039,1,7356
12/31/2021,AF,Afghanistan,EMRO,20,158059,0,7356
1/1/2022,AF,Afghanistan,EMRO,0,158059,0,7356
1/2/2022,AF,Afghanistan,EMRO,53,158112,0,7356
1/3/2022,AF,Afghanistan,EMRO,44,158156,5,7361
1/4/2022,AF,Afghanistan,EMRO,15,158171,3,7364
1/5/2022,AF,Afghanistan,EMRO,36,158207,2,7366
1/6/2022,AF,Afghanistan,EMRO,38,158245,1,7367
1/7/2022,AF,Afghanistan,EMRO,34,158279,1,7368
1/8/2022,AF,Afghanistan,EMRO,26,158305,0,7368
1/9/2022,AF,Afghanistan,EMRO,40,158345,1,7369
1/10/2022,AF,Afghanistan,EMRO,36,158381,4,7373
1/11/2022,AF,Afghanistan,EMRO,13,158394,0,7373
1/12/2022,AF,Afghanistan,EMRO,58,158452,1,7374
1/13/2022,AF,Afghanistan,EMRO,59,158511,2,7376
1/14/2022,AF,Afghanistan,EMRO,91,158602,0,7376
1/15/2022,AF,Afghanistan,EMRO,37,158639,0,7376
1/16/2022,AF,Afghanistan,EMRO,39,158678,2,7378
1/17/2022,AF,Afghanistan,EMRO,59,158737,1,7379
1/18/2022,AF,Afghanistan,EMRO,89,158826,2,7381
1/19/2022,AF,Afghanistan,EMRO,148,158974,2,7383
1/20/2022,AF,Afghanistan,EMRO,96,159070,3,7386
1/21/2022,AF,Afghanistan,EMRO,233,159303,0,7386
1/22/2022,AF,Afghanistan,EMRO,13,159316,0,7386
1/23/2022,AF,Afghanistan,EMRO,232,159548,4,7390
1/24/2022,AF,Afghanistan,EMRO,134,159682,3,7393
1/25/2022,AF,Afghanistan,EMRO,214,159896,0,7393
1/26/2022,AF,Afghanistan,EMRO,356,160252,4,7397
1/27/2022,AF,Afghanistan,EMRO,456,160708,4,7401
1/28/2022,AF,Afghanistan,EMRO,301,161009,2,7403
1/29/2022,AF,Afghanistan,EMRO,49,161058,0,7403
1/30/2022,AF,Afghanistan,EMRO,608,161666,4,7407
1/31/2022,AF,Afghanistan,EMRO,474,162140,2,7409
2/1/2022,AF,Afghanistan,EMRO,610,162750,5,7414
2/2/2022,AF,Afghanistan,EMRO,970,163720,3,7417
2/3/2022,AF,Afghanistan,EMRO,470,164190,1,7418
2/4/2022,AF,Afghanistan,EMRO,537,164727,2,7420
2/5/2022,AF,Afghanistan,EMRO,631,165358,0,7420
2/6/2022,AF,Afghanistan,EMRO,354,165712,5,7425
2/7/2022,AF,Afghanistan,EMRO,479,166191,7,7432
2/8/2022,AF,Afghanistan,EMRO,733,166924,10,7442
2/9/2022,AF,Afghanistan,EMRO,815,167739,12,7454
2/10/2022,AF,Afghanistan,EMRO,811,168550,11,7465
2/11/2022,AF,Afghanistan,EMRO,898,169448,12,7477
2/12/2022,AF,Afghanistan,EMRO,490,169938,5,7482
2/13/2022,AF,Afghanistan,EMRO,214,170152,6,7488
2/14/2022,AF,Afghanistan,EMRO,452,170604,6,7494
2/15/2022,AF,Afghanistan,EMRO,472,171076,7,7501
2/16/2022,AF,Afghanistan,EMRO,346,171422,3,7504
2/17/2022,AF,Afghanistan,EMRO,97,171519,9,7513
2/18/2022,AF,Afghanistan,EMRO,154,171673,11,7524
2/19/2022,AF,Afghanistan,EMRO,197,171870,5,7529
2/20/2022,AF,Afghanistan,EMRO,60,171930,5,7534
2/21/2022,AF,Afghanistan,EMRO,276,172206,7,7541
2/22/2022,AF,Afghanistan,EMRO,235,172441,8,7549
2/23/2022,AF,Afghanistan,EMRO,460,172901,25,7574
2/24/2022,AF,Afghanistan,EMRO,23,172924,1,7575
2/25/2022,AF,Afghanistan,EMRO,123,173047,3,7578
2/26/2022,AF,Afghanistan,EMRO,69,173116,3,7581
2/27/2022,AF,Afghanistan,EMRO,64,173180,7,7588
2/28/2022,AF,Afghanistan,EMRO,215,173395,5,7593
3/1/2022,AF,Afghanistan,EMRO,264,173659,5,7598
3/2/2022,AF,Afghanistan,EMRO,220,173879,11,7609
3/3/2022,AF,Afghanistan,EMRO,194,174073,8,7617
3/4/2022,AF,Afghanistan,EMRO,141,174214,2,7619
3/5/2022,AF,Afghanistan,EMRO,55,174269,1,7620
3/6/2022,AF,Afghanistan,EMRO,78,174347,2,7622
3/7/2022,AF,Afghanistan,EMRO,235,174582,1,7623
3/8/2022,AF,Afghanistan,EMRO,418,175000,3,7626
3/9/2022,AF,Afghanistan,EMRO,353,175353,4,7630
3/10/2022,AF,Afghanistan,EMRO,172,175525,6,7636
3/11/2022,AF,Afghanistan,EMRO,347,175872,3,7639
3/12/2022,AF,Afghanistan,EMRO,88,175960,1,7640
3/13/2022,AF,Afghanistan,EMRO,102,176062,2,7642
3/14/2022,AF,Afghanistan,EMRO,139,176201,1,7643
3/15/2022,AF,Afghanistan,EMRO,208,176409,2,7645
3/16/2022,AF,Afghanistan,EMRO,162,176571,1,7646
3/17/2022,AF,Afghanistan,EMRO,172,176743,5,7651
3/18/2022,AF,Afghanistan,EMRO,175,176918,0,7651
3/19/2022,AF,Afghanistan,EMRO,91,177009,0,7651
3/20/2022,AF,Afghanistan,EMRO,30,177039,1,7652
3/21/2022,AF,Afghanistan,EMRO,77,177116,2,7654
3/22/2022,AF,Afghanistan,EMRO,75,177191,0,7654
3/23/2022,AF,Afghanistan,EMRO,64,177255,2,7656
3/24/2022,AF,Afghanistan,EMRO,66,177321,1,7657
3/25/2022,AF,Afghanistan,EMRO,70,177391,1,7658
3/26/2022,AF,Afghanistan,EMRO,44,177435,0,7658
3/27/2022,AF,Afghanistan,EMRO,39,177474,2,7660
3/28/2022,AF,Afghanistan,EMRO,70,177544,2,7662
3/29/2022,AF,Afghanistan,EMRO,58,177602,1,7663
3/30/2022,AF,Afghanistan,EMRO,61,177663,2,7665
3/31/2022,AF,Afghanistan,EMRO,31,177694,0,7665
4/1/2022,AF,Afghanistan,EMRO,53,177747,5,7670
4/2/2022,AF,Afghanistan,EMRO,24,177771,1,7671
4/3/2022,AF,Afghanistan,EMRO,34,177805,0,7671
4/4/2022,AF,Afghanistan,EMRO,22,177827,0,7671
4/5/2022,AF,Afghanistan,EMRO,70,177897,0,7671
4/6/2022,AF,Afghanistan,EMRO,35,177932,0,7671
4/7/2022,AF,Afghanistan,EMRO,85,178017,2,7673
4/8/2022,AF,Afghanistan,EMRO,44,178061,0,7673
4/9/2022,AF,Afghanistan,EMRO,29,178090,2,7675
4/10/2022,AF,Afghanistan,EMRO,51,178141,0,7675
4/11/2022,AF,Afghanistan,EMRO,0,178141,0,7675
4/12/2022,AF,Afghanistan,EMRO,50,178191,0,7675
4/13/2022,AF,Afghanistan,EMRO,104,178295,1,7676
4/14/2022,AF,Afghanistan,EMRO,37,178332,0,7676
4/15/2022,AF,Afghanistan,EMRO,20,178352,0,7676
4/16/2022,AF,Afghanistan,EMRO,21,178373,0,7676
4/17/2022,AF,Afghanistan,EMRO,14,178387,0,7676
4/18/2022,AF,Afghanistan,EMRO,31,178418,2,7678
4/19/2022,AF,Afghanistan,EMRO,95,178513,2,7680
4/20/2022,AF,Afghanistan,EMRO,3,178516,0,7680
4/21/2022,AF,Afghanistan,EMRO,39,178555,0,7680
4/22/2022,AF,Afghanistan,EMRO,56,178611,0,7680
4/23/2022,AF,Afghanistan,EMRO,25,178636,0,7680
4/24/2022,AF,Afghanistan,EMRO,12,178648,1,7681
4/25/2022,AF,Afghanistan,EMRO,41,178689,1,7682
4/26/2022,AF,Afghanistan,EMRO,56,178745,1,7683
4/27/2022,AF,Afghanistan,EMRO,24,178769,0,7683
4/28/2022,AF,Afghanistan,EMRO,0,178769,0,7683
4/29/2022,AF,Afghanistan,EMRO,81,178850,0,7683
4/30/2022,AF,Afghanistan,EMRO,23,178873,0,7683
5/1/2022,AF,Afghanistan,EMRO,6,178879,0,7683
5/2/2022,AF,Afghanistan,EMRO,20,178899,0,7683
5/3/2022,AF,Afghanistan,EMRO,2,178901,0,7683
5/4/2022,AF,Afghanistan,EMRO,0,178901,0,7683
5/5/2022,AF,Afghanistan,EMRO,4,178905,1,7684
5/6/2022,AF,Afghanistan,EMRO,0,178905,0,7684
5/7/2022,AF,Afghanistan,EMRO,14,178919,0,7684
5/8/2022,AF,Afghanistan,EMRO,4,178923,0,7684
5/9/2022,AF,Afghanistan,EMRO,58,178981,0,7684
5/10/2022,AF,Afghanistan,EMRO,29,179010,1,7685
5/11/2022,AF,Afghanistan,EMRO,56,179066,1,7686
5/12/2022,AF,Afghanistan,EMRO,65,179131,0,7686
5/13/2022,AF,Afghanistan,EMRO,38,179169,0,7686
5/14/2022,AF,Afghanistan,EMRO,0,179169,1,7687
5/15/2022,AF,Afghanistan,EMRO,74,179243,3,7690
5/16/2022,AF,Afghanistan,EMRO,24,179267,0,7690
5/17/2022,AF,Afghanistan,EMRO,54,179321,1,7691
5/18/2022,AF,Afghanistan,EMRO,95,179416,0,7691
5/19/2022,AF,Afghanistan,EMRO,31,179447,0,7691
5/20/2022,AF,Afghanistan,EMRO,150,179597,4,7695
5/21/2022,AF,Afghanistan,EMRO,72,179669,2,7697
5/22/2022,AF,Afghanistan,EMRO,5,179674,0,7697
5/23/2022,AF,Afghanistan,EMRO,42,179716,1,7698
5/24/2022,AF,Afghanistan,EMRO,55,179771,0,7698
5/25/2022,AF,Afghanistan,EMRO,64,179835,1,7699
5/26/2022,AF,Afghanistan,EMRO,73,179908,0,7699
5/27/2022,AF,Afghanistan,EMRO,116,180024,0,7699
5/28/2022,AF,Afghanistan,EMRO,68,180092,0,7699
5/29/2022,AF,Afghanistan,EMRO,31,180123,2,7701
5/30/2022,AF,Afghanistan,EMRO,53,180176,0,7701
5/31/2022,AF,Afghanistan,EMRO,87,180263,2,7703
6/1/2022,AF,Afghanistan,EMRO,84,180347,2,7705
6/2/2022,AF,Afghanistan,EMRO,72,180419,2,7707
6/3/2022,AF,Afghanistan,EMRO,101,180520,1,7708
6/4/2022,AF,Afghanistan,EMRO,64,180584,0,7708
6/5/2022,AF,Afghanistan,EMRO,34,180618,1,7709
6/6/2022,AF,Afghanistan,EMRO,70,180688,0,7709
6/7/2022,AF,Afghanistan,EMRO,53,180741,0,7709
6/8/2022,AF,Afghanistan,EMRO,43,180784,0,7709
6/9/2022,AF,Afghanistan,EMRO,80,180864,0,7709
6/10/2022,AF,Afghanistan,EMRO,97,180961,0,7709
6/11/2022,AF,Afghanistan,EMRO,42,181003,0,7709
6/12/2022,AF,Afghanistan,EMRO,30,181033,0,7709
6/13/2022,AF,Afghanistan,EMRO,87,181120,1,7710
6/14/2022,AF,Afghanistan,EMRO,58,181178,0,7710
6/15/2022,AF,Afghanistan,EMRO,58,181236,0,7710
6/16/2022,AF,Afghanistan,EMRO,84,181320,0,7710
6/17/2022,AF,Afghanistan,EMRO,174,181494,3,7713
6/18/2022,AF,Afghanistan,EMRO,48,181542,0,7713
6/19/2022,AF,Afghanistan,EMRO,32,181574,0,7713
6/20/2022,AF,Afghanistan,EMRO,92,181666,0,7713
6/21/2022,AF,Afghanistan,EMRO,83,181749,1,7714
6/22/2022,AF,Afghanistan,EMRO,59,181808,1,7715
6/23/2022,AF,Afghanistan,EMRO,126,181934,0,7715
6/24/2022,AF,Afghanistan,EMRO,53,181987,0,7715
6/25/2022,AF,Afghanistan,EMRO,37,182024,0,7715
6/26/2022,AF,Afghanistan,EMRO,48,182072,2,7717
6/27/2022,AF,Afghanistan,EMRO,77,182149,0,7717
6/28/2022,AF,Afghanistan,EMRO,101,182250,3,7720
6/29/2022,AF,Afghanistan,EMRO,102,182352,2,7722
6/30/2022,AF,Afghanistan,EMRO,78,182430,0,7722
7/1/2022,AF,Afghanistan,EMRO,98,182528,1,7723
7/2/2022,AF,Afghanistan,EMRO,86,182614,0,7723
7/3/2022,AF,Afghanistan,EMRO,29,182643,1,7724
7/4/2022,AF,Afghanistan,EMRO,81,182724,0,7724
7/5/2022,AF,Afghanistan,EMRO,69,182793,1,7725
7/6/2022,AF,Afghanistan,EMRO,80,182873,0,7725
7/7/2022,AF,Afghanistan,EMRO,106,182979,0,7725
7/8/2022,AF,Afghanistan,EMRO,105,183084,2,7727
7/9/2022,AF,Afghanistan,EMRO,132,183216,0,7727
7/10/2022,AF,Afghanistan,EMRO,3,183219,0,7727
7/11/2022,AF,Afghanistan,EMRO,46,183265,1,7728
7/12/2022,AF,Afghanistan,EMRO,3,183268,0,7728
7/13/2022,AF,Afghanistan,EMRO,4,183272,0,7728
7/14/2022,AF,Afghanistan,EMRO,13,183285,0,7728
7/15/2022,AF,Afghanistan,EMRO,73,183358,0,7728
7/16/2022,AF,Afghanistan,EMRO,54,183412,1,7729
7/17/2022,AF,Afghanistan,EMRO,38,183450,1,7730
7/18/2022,AF,Afghanistan,EMRO,167,183617,2,7732
7/19/2022,AF,Afghanistan,EMRO,70,183687,1,7733
7/20/2022,AF,Afghanistan,EMRO,221,183908,3,7736
7/21/2022,AF,Afghanistan,EMRO,161,184069,1,7737
7/22/2022,AF,Afghanistan,EMRO,155,184224,1,7738
7/23/2022,AF,Afghanistan,EMRO,166,184390,0,7738
7/24/2022,AF,Afghanistan,EMRO,84,184474,0,7738
7/25/2022,AF,Afghanistan,EMRO,113,184587,0,7738
7/26/2022,AF,Afghanistan,EMRO,265,184852,1,7739
7/27/2022,AF,Afghanistan,EMRO,234,185086,3,7742
7/28/2022,AF,Afghanistan,EMRO,186,185272,1,7743
7/29/2022,AF,Afghanistan,EMRO,121,185393,0,7743
7/30/2022,AF,Afghanistan,EMRO,88,185481,0,7743
7/31/2022,AF,Afghanistan,EMRO,99,185580,4,7747
8/1/2022,AF,Afghanistan,EMRO,169,185749,1,7748
8/2/2022,AF,Afghanistan,EMRO,181,185930,3,7751
8/3/2022,AF,Afghanistan,EMRO,226,186156,1,7752
8/4/2022,AF,Afghanistan,EMRO,237,186393,0,7752
8/5/2022,AF,Afghanistan,EMRO,337,186730,0,7752
8/6/2022,AF,Afghanistan,EMRO,244,186974,0,7752
8/7/2022,AF,Afghanistan,EMRO,72,187046,0,7752
8/8/2022,AF,Afghanistan,EMRO,396,187442,0,7752
8/9/2022,AF,Afghanistan,EMRO,243,187685,1,7753
8/10/2022,AF,Afghanistan,EMRO,281,187966,0,7753
8/11/2022,AF,Afghanistan,EMRO,236,188202,0,7753
8/12/2022,AF,Afghanistan,EMRO,304,188506,2,7755
8/13/2022,AF,Afghanistan,EMRO,239,188745,1,7756
8/14/2022,AF,Afghanistan,EMRO,86,188831,2,7758
8/15/2022,AF,Afghanistan,EMRO,214,189045,0,7758
8/16/2022,AF,Afghanistan,EMRO,344,189389,1,7759
8/17/2022,AF,Afghanistan,EMRO,88,189477,0,7759
8/18/2022,AF,Afghanistan,EMRO,233,189710,0,7759
8/19/2022,AF,Afghanistan,EMRO,391,190101,0,7759
8/20/2022,AF,Afghanistan,EMRO,126,190227,0,7759
8/21/2022,AF,Afghanistan,EMRO,208,190435,0,7759
8/22/2022,AF,Afghanistan,EMRO,332,190767,5,7764
8/23/2022,AF,Afghanistan,EMRO,273,191040,3,7767
8/24/2022,AF,Afghanistan,EMRO,207,191247,1,7768
8/25/2022,AF,Afghanistan,EMRO,338,191585,1,7769
8/26/2022,AF,Afghanistan,EMRO,346,191931,2,7771
8/27/2022,AF,Afghanistan,EMRO,148,192079,0,7771
8/28/2022,AF,Afghanistan,EMRO,129,192208,3,7774
8/29/2022,AF,Afghanistan,EMRO,348,192556,3,7777
8/30/2022,AF,Afghanistan,EMRO,448,193004,0,7777
8/31/2022,AF,Afghanistan,EMRO,246,193250,0,7777
9/1/2022,AF,Afghanistan,EMRO,270,193520,1,7778
9/2/2022,AF,Afghanistan,EMRO,95,193615,0,7778
9/3/2022,AF,Afghanistan,EMRO,173,193788,1,7779
9/4/2022,AF,Afghanistan,EMRO,99,193887,1,7780
9/5/2022,AF,Afghanistan,EMRO,276,194163,2,7782
9/6/2022,AF,Afghanistan,EMRO,270,194433,1,7783
9/7/2022,AF,Afghanistan,EMRO,181,194614,0,7783
9/8/2022,AF,Afghanistan,EMRO,473,195087,2,7785
9/9/2022,AF,Afghanistan,EMRO,211,195298,1,7786
9/10/2022,AF,Afghanistan,EMRO,181,195479,0,7786
9/11/2022,AF,Afghanistan,EMRO,168,195647,1,7787
9/12/2022,AF,Afghanistan,EMRO,365,196012,0,7787
9/13/2022,AF,Afghanistan,EMRO,170,196182,2,7789
9/14/2022,AF,Afghanistan,EMRO,222,196404,2,7791
9/15/2022,AF,Afghanistan,EMRO,259,196663,0,7791
9/16/2022,AF,Afghanistan,EMRO,207,196870,1,7792
9/17/2022,AF,Afghanistan,EMRO,153,197023,2,7794
9/18/2022,AF,Afghanistan,EMRO,59,197082,0,7794
9/19/2022,AF,Afghanistan,EMRO,251,197333,2,7796
9/20/2022,AF,Afghanistan,EMRO,143,197476,0,7796
9/21/2022,AF,Afghanistan,EMRO,132,197608,0,7796
9/22/2022,AF,Afghanistan,EMRO,258,197866,0,7796
9/23/2022,AF,Afghanistan,EMRO,157,198023,0,7796
9/24/2022,AF,Afghanistan,EMRO,193,198216,0,7796
9/25/2022,AF,Afghanistan,EMRO,67,198283,0,7796
9/26/2022,AF,Afghanistan,EMRO,172,198455,1,7797
9/27/2022,AF,Afghanistan,EMRO,128,198583,1,7798
9/28/2022,AF,Afghanistan,EMRO,167,198750,0,7798
9/29/2022,AF,Afghanistan,EMRO,126,198876,1,7799
9/30/2022,AF,Afghanistan,EMRO,191,199067,0,7799
10/1/2022,AF,Afghanistan,EMRO,135,199202,0,7799
10/2/2022,AF,Afghanistan,EMRO,70,199272,0,7799
10/3/2022,AF,Afghanistan,EMRO,0,199272,0,7799
10/4/2022,AF,Afghanistan,EMRO,319,199591,4,7803
10/5/2022,AF,Afghanistan,EMRO,168,199759,1,7804
10/6/2022,AF,Afghanistan,EMRO,123,199882,0,7804
10/7/2022,AF,Afghanistan,EMRO,112,199994,0,7804
10/8/2022,AF,Afghanistan,EMRO,127,200121,0,7804
10/9/2022,AF,Afghanistan,EMRO,78,200199,0,7804
10/10/2022,AF,Afghanistan,EMRO,213,200412,2,7806
10/11/2022,AF,Afghanistan,EMRO,92,200504,1,7807
10/12/2022,AF,Afghanistan,EMRO,170,200674,0,7807
10/13/2022,AF,Afghanistan,EMRO,105,200779,0,7807
10/14/2022,AF,Afghanistan,EMRO,67,200846,2,7809
10/15/2022,AF,Afghanistan,EMRO,201,201047,1,7810
10/16/2022,AF,Afghanistan,EMRO,49,201096,1,7811
10/17/2022,AF,Afghanistan,EMRO,140,201236,0,7811
10/18/2022,AF,Afghanistan,EMRO,149,201385,0,7811
10/19/2022,AF,Afghanistan,EMRO,172,201557,1,7812
10/20/2022,AF,Afghanistan,EMRO,193,201750,1,7813
10/21/2022,AF,Afghanistan,EMRO,144,201894,5,7818
10/22/2022,AF,Afghanistan,EMRO,80,201974,0,7818
10/23/2022,AF,Afghanistan,EMRO,55,202029,0,7818
10/24/2022,AF,Afghanistan,EMRO,120,202149,0,7818
10/25/2022,AF,Afghanistan,EMRO,91,202240,1,7819
10/26/2022,AF,Afghanistan,EMRO,159,202399,1,7820
10/27/2022,AF,Afghanistan,EMRO,138,202537,0,7820
10/28/2022,AF,Afghanistan,EMRO,165,202702,0,7820
10/29/2022,AF,Afghanistan,EMRO,67,202769,1,7821
10/30/2022,AF,Afghanistan,EMRO,65,202834,0,7821
10/31/2022,AF,Afghanistan,EMRO,159,202993,0,7821
11/1/2022,AF,Afghanistan,EMRO,70,203063,1,7822
11/2/2022,AF,Afghanistan,EMRO,104,203167,1,7823
11/3/2022,AF,Afghanistan,EMRO,144,203311,0,7823
11/4/2022,AF,Afghanistan,EMRO,149,203460,2,7825
11/5/2022,AF,Afghanistan,EMRO,92,203552,0,7825
11/6/2022,AF,Afghanistan,EMRO,66,203618,1,7826
11/7/2022,AF,Afghanistan,EMRO,114,203732,0,7826
11/8/2022,AF,Afghanistan,EMRO,158,203890,2,7828
11/9/2022,AF,Afghanistan,EMRO,78,203968,1,7829
11/10/2022,AF,Afghanistan,EMRO,205,204173,0,7829
11/11/2022,AF,Afghanistan,EMRO,169,204342,0,7829
11/12/2022,AF,Afghanistan,EMRO,58,204400,0,7829
11/13/2022,AF,Afghanistan,EMRO,31,204431,0,7829
11/14/2022,AF,Afghanistan,EMRO,81,204512,0,7829
11/15/2022,AF,Afghanistan,EMRO,98,204610,0,7829
11/16/2022,AF,Afghanistan,EMRO,109,204719,1,7830
11/17/2022,AF,Afghanistan,EMRO,116,204835,0,7830
11/18/2022,AF,Afghanistan,EMRO,99,204934,0,7830
11/19/2022,AF,Afghanistan,EMRO,33,204967,0,7830
11/20/2022,AF,Afghanistan,EMRO,45,205012,1,7831
11/21/2022,AF,Afghanistan,EMRO,55,205067,0,7831
11/22/2022,AF,Afghanistan,EMRO,193,205260,1,7832
11/23/2022,AF,Afghanistan,EMRO,108,205368,1,7833
11/24/2022,AF,Afghanistan,EMRO,23,205391,0,7833
11/25/2022,AF,Afghanistan,EMRO,115,205506,0,7833
11/26/2022,AF,Afghanistan,EMRO,14,205520,0,7833
11/27/2022,AF,Afghanistan,EMRO,76,205596,0,7833
11/28/2022,AF,Afghanistan,EMRO,45,205641,0,7833
11/29/2022,AF,Afghanistan,EMRO,139,205780,0,7833
11/30/2022,AF,Afghanistan,EMRO,50,205830,0,7833
12/1/2022,AF,Afghanistan,EMRO,127,205957,0,7833
12/2/2022,AF,Afghanistan,EMRO,115,206072,1,7834
12/3/2022,AF,Afghanistan,EMRO,28,206100,0,7834
12/4/2022,AF,Afghanistan,EMRO,64,206164,0,7834
12/5/2022,AF,Afghanistan,EMRO,72,206236,0,7834
12/6/2022,AF,Afghanistan,EMRO,37,206273,1,7835
12/7/2022,AF,Afghanistan,EMRO,58,206331,0,7835
12/8/2022,AF,Afghanistan,EMRO,83,206414,2,7837
12/9/2022,AF,Afghanistan,EMRO,51,206465,2,7839
12/10/2022,AF,Afghanistan,EMRO,44,206509,0,7839
12/11/2022,AF,Afghanistan,EMRO,36,206545,0,7839
12/12/2022,AF,Afghanistan,EMRO,58,206603,0,7839
12/13/2022,AF,Afghanistan,EMRO,99,206702,1,7840
12/14/2022,AF,Afghanistan,EMRO,41,206743,3,7843
12/15/2022,AF,Afghanistan,EMRO,59,206802,0,7843
12/16/2022,AF,Afghanistan,EMRO,77,206879,0,7843
12/17/2022,AF,Afghanistan,EMRO,35,206914,0,7843
12/18/2022,AF,Afghanistan,EMRO,72,206986,1,7844
12/19/2022,AF,Afghanistan,EMRO,51,207037,1,7845
12/20/2022,AF,Afghanistan,EMRO,73,207110,0,7845
12/21/2022,AF,Afghanistan,EMRO,39,207149,0,7845
12/22/2022,AF,Afghanistan,EMRO,65,207214,0,7845
12/23/2022,AF,Afghanistan,EMRO,25,207239,0,7845
12/24/2022,AF,Afghanistan,EMRO,23,207262,0,7845
12/25/2022,AF,Afghanistan,EMRO,60,207322,0,7845
12/26/2022,AF,Afghanistan,EMRO,90,207412,1,7846
12/27/2022,AF,Afghanistan,EMRO,26,207438,0,7846
12/28/2022,AF,Afghanistan,EMRO,32,207470,0,7846
12/29/2022,AF,Afghanistan,EMRO,23,207493,0,7846
12/30/2022,AF,Afghanistan,EMRO,18,207511,1,7847
12/31/2022,AF,Afghanistan,EMRO,43,207554,2,7849
1/1/2023,AF,Afghanistan,EMRO,25,207579,0,7849
1/2/2023,AF,Afghanistan,EMRO,6,207585,0,7849
1/3/2023,AF,Afghanistan,EMRO,59,207644,0,7849
1/4/2023,AF,Afghanistan,EMRO,52,207696,1,7850
1/5/2023,AF,Afghanistan,EMRO,18,207714,0,7850
1/6/2023,AF,Afghanistan,EMRO,48,207762,0,7850
1/7/2023,AF,Afghanistan,EMRO,5,207767,0,7850
1/8/2023,AF,Afghanistan,EMRO,13,207780,1,7851
1/9/2023,AF,Afghanistan,EMRO,30,207810,1,7852
1/10/2023,AF,Afghanistan,EMRO,31,207841,2,7854
1/11/2023,AF,Afghanistan,EMRO,25,207866,0,7854
1/12/2023,AF,Afghanistan,EMRO,34,207900,0,7854
1/13/2023,AF,Afghanistan,EMRO,25,207925,1,7855
1/14/2023,AF,Afghanistan,EMRO,11,207936,0,7855
1/15/2023,AF,Afghanistan,EMRO,17,207953,0,7855
1/16/2023,AF,Afghanistan,EMRO,16,207969,0,7855
1/17/2023,AF,Afghanistan,EMRO,24,207993,2,7857
1/18/2023,AF,Afghanistan,EMRO,16,208009,2,7859
1/19/2023,AF,Afghanistan,EMRO,25,208034,4,7863
1/20/2023,AF,Afghanistan,EMRO,50,208084,1,7864
1/21/2023,AF,Afghanistan,EMRO,6,208090,0,7864
1/22/2023,AF,Afghanistan,EMRO,7,208097,6,7870
1/23/2023,AF,Afghanistan,EMRO,192,208289,1,7871
1/24/2023,AF,Afghanistan,EMRO,0,208289,0,7871
1/25/2023,AF,Afghanistan,EMRO,35,208324,1,7872
1/26/2023,AF,Afghanistan,EMRO,74,208398,1,7873
1/27/2023,AF,Afghanistan,EMRO,13,208411,0,7873
1/28/2023,AF,Afghanistan,EMRO,6,208417,2,7875
1/29/2023,AF,Afghanistan,EMRO,3,208420,1,7876
1/30/2023,AF,Afghanistan,EMRO,32,208452,0,7876
1/31/2023,AF,Afghanistan,EMRO,27,208479,3,7879
2/1/2023,AF,Afghanistan,EMRO,27,208506,1,7880
2/2/2023,AF,Afghanistan,EMRO,42,208548,3,7883
2/3/2023,AF,Afghanistan,EMRO,121,208669,8,7891
2/4/2023,AF,Afghanistan,EMRO,20,208689,1,7892
2/5/2023,AF,Afghanistan,EMRO,3,208692,4,7896
2/6/2023,AF,Afghanistan,EMRO,12,208704,0,7896
2/7/2023,AF,Afghanistan,EMRO,17,208721,0,7896
2/8/2023,AF,Afghanistan,EMRO,50,208771,0,7896
2/9/2023,AF,Afghanistan,EMRO,0,208771,0,7896
2/10/2023,AF,Afghanistan,EMRO,0,208771,0,7896
